<?xml version='1.0' encoding='UTF-8' ?>
<timeLogEntries>
  <time id="1" path="/Non Project/Lab1/Planning" start="@1534692485858" delta="44" interrupt="4" />
  <time id="2" path="/Non Project/Lab1/Design" start="@1534941022422" delta="41" />
  <time id="3" path="/Non Project/Lab2/Planning" start="@1537132760675" delta="56" />
  <time id="4" path="/Non Project/Lab2/Planning" start="@1537137813661" delta="23" />
  <time id="5" path="/Non Project/Lab2/Design" start="@1537139894503" delta="89" />
  <time id="6" path="/Non Project/Lab2/Design" start="@1537206461399" delta="23" />
  <time id="7" path="/Non Project/Lab2/Design" start="@1537208309434" delta="8" />
  <time id="8" path="/Non Project/Lab2/Design" start="@1537208827941" delta="109" interrupt="15" />
  <time id="9" path="/Non Project/Lab2/Design" start="@1537420519628" delta="91" />
  <time id="10" path="/Non Project/Lab2/Design" start="@1537427809092" delta="52" interrupt="1" />
  <time id="11" path="/Non Project/Lab2/Code" start="@1537476429835" delta="64" />
  <time id="12" path="/Non Project/Lab2/Code" start="@1537481788729" delta="20" />
  <time id="13" path="/Non Project/Lab2/Code" start="@1537493522961" delta="137" />
  <time id="14" path="/Non Project/Laboratorio3/Planning" start="@1539446022875" delta="48" interrupt="2" />
  <time id="15" path="/Non Project/Laboratorio3/Code" start="@1539632774992" delta="49" />
  <time id="16" path="/Non Project/Laboratorio3/Code" start="@1539637055128" delta="60" />
  <time id="17" path="/Non Project/Laboratorio3/Code" start="@1539780415460" delta="11" />
  <time id="18" path="/Non Project/Laboratorio3/Code" start="@1539783380232" delta="79" />
  <time id="19" path="/Non Project/Laboratorio3/Code" start="@1540301264685" delta="62" />
  <time id="20" path="/Non Project/Laboratorio3/Code" start="@1540304963573" delta="98" />
  <time id="21" path="/Non Project/Laboratorio3/Code" start="@1540330345381" delta="93" />
  <time id="22" path="/Non Project/Laboratorio3/Code" start="@1540383965875" delta="248" />
  <time id="23" path="/Non Project/Laboratorio3/Code" start="@1540408118992" delta="103" />
  <time id="24" path="/Non Project/Laboratorio3/Code" start="@1540436902831" delta="29" />
  <time id="25" path="/Non Project/Laboratorio3/Code" start="@1540439392973" delta="234" interrupt="8" />
</timeLogEntries>
