<?xml version='1.0' encoding='UTF-8' ?>
<timeLogEntries>
  <time id="1" path="/Proyecto/PSP0/Planning" start="@1523587678000" delta="201" />
  <time id="2" path="/Proyecto/PSP0/Planning" start="@1523677923000" delta="48" />
  <time id="3" path="/Proyecto/PSP0/Code" start="@1523660014000" delta="266" />
  <time id="4" path="/Proyecto/PSP0/Code" start="@1524801577666" delta="1" />
  <time id="6" path="/Proyecto/lab_dash2/Planning" start="@1524801697934" delta="10" />
  <time id="5" path="/Proyecto/lab_dash2/Code" start="@1524085337000" delta="232" />
  <time id="7" path="/Proyecto/lab_dash2/Design" start="@1524024339000" delta="103" />
  <time id="8" path="/Proyecto/lab_dash2/Code" start="@1524180759000" delta="170" />
  <time id="9" path="/Proyecto/última entrega/Code" start="@1524611973000" delta="171" />
  <time id="10" path="/Proyecto/última entrega/Code" start="@1524709197000" delta="214" />
  <time id="12" path="/Proyecto/última entrega/Code" start="@1524321023000" />
  <time id="13" path="/Proyecto/última entrega/Code" start="@1524532914000" delta="67" />
  <time id="15" path="/Proyecto/última entrega/Code" start="@1524349287000" delta="102" />
  <time id="16" path="/Proyecto/Lab2_DANIEL_ALEJANDRO_GÓMEZ/Design" start="@1537133472123" delta="3" />
  <time id="17" path="/Proyecto/Lab2_DANIEL_ALEJANDRO_GÓMEZ/Design" start="@1537133642529" delta="74" />
  <time id="18" path="/Proyecto/Lab2_DANIEL_ALEJANDRO_GÓMEZ/Planning" start="@1537174483112" delta="26" />
  <time id="19" path="/Proyecto/Lab2_DANIEL_ALEJANDRO_GÓMEZ/Planning" start="@1537185168392" delta="157" />
  <time id="20" path="/Proyecto/Lab2_DANIEL_ALEJANDRO_GÓMEZ/Design" start="@1537194299521" delta="79" />
  <time id="21" path="/Proyecto/Lab2_DANIEL_ALEJANDRO_GÓMEZ/Code" start="@1537213652631" delta="115" comment="Hard work, little time" />
  <time id="22" path="/Proyecto/Lab2_DANIEL_ALEJANDRO_GÓMEZ/Code" start="@1536873067000" delta="43" />
  <time id="23" path="/Proyecto/Lab2_DANIEL_ALEJANDRO_GÓMEZ/Code" start="@1537440256178" delta="61" />
  <time id="24" path="/Proyecto/Lab2_DANIEL_ALEJANDRO_GÓMEZ/Code" start="@1537443951972" delta="109" />
  <time id="25" path="/Proyecto/Lab2_DANIEL_ALEJANDRO_GÓMEZ/Code" start="@1537496446939" delta="71" />
  <time id="26" path="/Proyecto/Lab2_DANIEL_ALEJANDRO_GÓMEZ/Planning" start="@1536787648000" delta="191" />
  <time id="27" path="/Proyecto/LAB_3/Planning" start="@1539620190623" delta="12" />
  <time id="28" path="/Proyecto/LAB_3/Code" start="@1539620935525" delta="119" interrupt="16" />
  <time id="29" path="/Proyecto/LAB_3/Code" start="@1539637816871" delta="48" />
  <time id="30" path="/Proyecto/LAB_3/Code" start="@1539921805385" delta="30" />
  <time id="31" path="/Proyecto/LAB_3/Code" start="@1540209750246" delta="143" />
  <time id="32" path="/Proyecto/LAB_3/Code" start="@1540222653781" delta="15" />
  <time id="33" path="/Proyecto/LAB_3/Code" start="@1540297985463" delta="149" />
  <time id="34" path="/Proyecto/LAB_3/Code" start="@1540341629494" delta="516" interrupt="26" />
  <time id="35" path="/Proyecto/LAB_3/Code" start="@1540452332731" delta="37" />
  <time id="36" path="/Proyecto/LAB_3/Design" start="@1540499911276" delta="148" interrupt="2" />
</timeLogEntries>
